-- phpMyAdmin SQL Dump
-- version 5.2.1
-- https://www.phpmyadmin.net/
--
-- Servidor: 127.0.0.1
-- Tiempo de generación: 25-10-2024 a las 21:05:40
-- Versión del servidor: 10.4.32-MariaDB
-- Versión de PHP: 8.2.12

SET SQL_MODE = "NO_AUTO_VALUE_ON_ZERO";
START TRANSACTION;
SET time_zone = "+00:00";


/*!40101 SET @OLD_CHARACTER_SET_CLIENT=@@CHARACTER_SET_CLIENT */;
/*!40101 SET @OLD_CHARACTER_SET_RESULTS=@@CHARACTER_SET_RESULTS */;
/*!40101 SET @OLD_COLLATION_CONNECTION=@@COLLATION_CONNECTION */;
/*!40101 SET NAMES utf8mb4 */;

--
-- Base de datos: `restaurante`
--

-- --------------------------------------------------------

--
-- Estructura de tabla para la tabla `admin`
--

CREATE TABLE `admin` (
  `id_admin` int(11) NOT NULL,
  `id_empleado` int(11) DEFAULT NULL,
  `username` varchar(50) DEFAULT NULL,
  `password` varchar(255) DEFAULT NULL,
  `ultimo_acceso` datetime DEFAULT NULL
) ENGINE=InnoDB DEFAULT CHARSET=utf8mb4 COLLATE=utf8mb4_general_ci;

--
-- Volcado de datos para la tabla `admin`
--

INSERT INTO `admin` (`id_admin`, `id_empleado`, `username`, `password`, `ultimo_acceso`) VALUES
(1, 1, 'admin1', 'password123', '2024-10-25 13:51:24'),
(2, 2, 'admin2', 'password456', '2024-10-25 13:51:24');

-- --------------------------------------------------------

--
-- Estructura de tabla para la tabla `almacen`
--

CREATE TABLE `almacen` (
  `id_almacen` int(11) NOT NULL,
  `id_producto` int(11) DEFAULT NULL,
  `stock_actual` int(11) DEFAULT NULL,
  `stock_minimo` int(11) DEFAULT NULL,
  `fecha_actualizacion` datetime DEFAULT NULL
) ENGINE=InnoDB DEFAULT CHARSET=utf8mb4 COLLATE=utf8mb4_general_ci;

--
-- Volcado de datos para la tabla `almacen`
--

INSERT INTO `almacen` (`id_almacen`, `id_producto`, `stock_actual`, `stock_minimo`, `fecha_actualizacion`) VALUES
(1, 1, 50, 10, '2024-10-25 13:51:24'),
(2, 2, 30, 5, '2024-10-25 13:51:24'),
(3, 3, 100, 20, '2024-10-25 13:51:24');

-- --------------------------------------------------------

--
-- Estructura de tabla para la tabla `caja`
--

CREATE TABLE `caja` (
  `id_caja` int(11) NOT NULL,
  `id_empleado` int(11) DEFAULT NULL,
  `fecha_apertura` datetime DEFAULT NULL,
  `fecha_cierre` datetime DEFAULT NULL,
  `monto_inicial` decimal(10,2) DEFAULT NULL,
  `monto_final` decimal(10,2) DEFAULT NULL,
  `total_ingresos` decimal(10,2) DEFAULT NULL,
  `total_egresos` decimal(10,2) DEFAULT NULL,
  `estado` varchar(20) DEFAULT NULL
) ENGINE=InnoDB DEFAULT CHARSET=utf8mb4 COLLATE=utf8mb4_general_ci;

--
-- Volcado de datos para la tabla `caja`
--

INSERT INTO `caja` (`id_caja`, `id_empleado`, `fecha_apertura`, `fecha_cierre`, `monto_inicial`, `monto_final`, `total_ingresos`, `total_egresos`, `estado`) VALUES
(1, 2, '2024-10-25 13:51:24', NULL, 100.00, NULL, NULL, NULL, NULL),
(2, 3, '2024-10-25 13:51:24', NULL, 150.00, NULL, NULL, NULL, NULL);

-- --------------------------------------------------------

--
-- Estructura de tabla para la tabla `detalle_pedido`
--

CREATE TABLE `detalle_pedido` (
  `id_detalle` int(11) NOT NULL,
  `id_pedido` int(11) DEFAULT NULL,
  `id_producto` int(11) DEFAULT NULL,
  `cantidad` int(11) DEFAULT NULL,
  `precio_unitario` decimal(10,2) DEFAULT NULL,
  `subtotal` decimal(10,2) DEFAULT NULL
) ENGINE=InnoDB DEFAULT CHARSET=utf8mb4 COLLATE=utf8mb4_general_ci;

--
-- Volcado de datos para la tabla `detalle_pedido`
--

INSERT INTO `detalle_pedido` (`id_detalle`, `id_pedido`, `id_producto`, `cantidad`, `precio_unitario`, `subtotal`) VALUES
(1, 1, 1, 1, 15.00, 15.00),
(2, 1, 3, 6, 2.00, 12.00),
(3, 2, 2, 1, 10.00, 10.00);

-- --------------------------------------------------------

--
-- Estructura de tabla para la tabla `empleados`
--

CREATE TABLE `empleados` (
  `id_empleado` int(11) NOT NULL,
  `id_rol` int(11) DEFAULT NULL,
  `nombre` varchar(100) DEFAULT NULL,
  `apellido` varchar(100) DEFAULT NULL,
  `dni` varchar(8) DEFAULT NULL,
  `telefono` varchar(9) DEFAULT NULL,
  `email` varchar(100) DEFAULT NULL,
  `direccion` varchar(255) DEFAULT NULL,
  `fecha_contratacion` date DEFAULT NULL,
  `estado` tinyint(1) DEFAULT NULL
) ENGINE=InnoDB DEFAULT CHARSET=utf8mb4 COLLATE=utf8mb4_general_ci;

--
-- Volcado de datos para la tabla `empleados`
--

INSERT INTO `empleados` (`id_empleado`, `id_rol`, `nombre`, `apellido`, `dni`, `telefono`, `email`, `direccion`, `fecha_contratacion`, `estado`) VALUES
(1, 1, 'Carlos', 'Lopez', '23456789', '987654323', 'carlos@example.com', 'Calle Falsa 789', '2024-10-25', 1),
(2, 2, 'Ana', 'Martínez', '34567890', '987654324', 'ana@example.com', 'Calle Verdadera 101', '2024-10-25', 1),
(3, 3, 'Luis', 'Fernández', '45678901', '987654325', 'luis@example.com', 'Calle Equivocada 202', '2024-10-25', 1);

-- --------------------------------------------------------

--
-- Estructura de tabla para la tabla `pedidos`
--

CREATE TABLE `pedidos` (
  `id_pedido` int(11) NOT NULL,
  `id_usuario` int(11) DEFAULT NULL,
  `id_empleado` int(11) DEFAULT NULL,
  `fecha_pedido` datetime DEFAULT NULL,
  `estado` varchar(20) DEFAULT NULL,
  `tipo_pedido` varchar(20) DEFAULT NULL,
  `total` decimal(10,2) DEFAULT NULL
) ENGINE=InnoDB DEFAULT CHARSET=utf8mb4 COLLATE=utf8mb4_general_ci;

--
-- Volcado de datos para la tabla `pedidos`
--

INSERT INTO `pedidos` (`id_pedido`, `id_usuario`, `id_empleado`, `fecha_pedido`, `estado`, `tipo_pedido`, `total`) VALUES
(1, 1, 2, '2024-10-25 13:51:24', 'Pendiente', 'Dine-in', 27.00),
(2, 2, 1, '2024-10-25 13:51:24', 'Completado', 'Delivery', 12.00);

-- --------------------------------------------------------

--
-- Estructura de tabla para la tabla `productos`
--

CREATE TABLE `productos` (
  `id_producto` int(11) NOT NULL,
  `nombre` varchar(100) DEFAULT NULL,
  `descripcion` text DEFAULT NULL,
  `precio` decimal(10,2) DEFAULT NULL,
  `categoria` varchar(50) DEFAULT NULL,
  `imagen` varchar(255) DEFAULT NULL,
  `estado` tinyint(1) DEFAULT NULL
) ENGINE=InnoDB DEFAULT CHARSET=utf8mb4 COLLATE=utf8mb4_general_ci;

--
-- Volcado de datos para la tabla `productos`
--

INSERT INTO `productos` (`id_producto`, `nombre`, `descripcion`, `precio`, `categoria`, `imagen`, `estado`) VALUES
(1, 'Pizza', 'Pizza de pepperoni', 15.00, 'Comida', NULL, 1),
(2, 'Hamburguesa', 'Hamburguesa clásica', 10.00, 'Comida', NULL, 1),
(3, 'Coca-Cola', 'Refresco de cola', 2.00, 'Bebida', NULL, 1);

-- --------------------------------------------------------

--
-- Estructura de tabla para la tabla `proveedores`
--

CREATE TABLE `proveedores` (
  `id_proveedor` int(11) NOT NULL,
  `nombre_empresa` varchar(100) DEFAULT NULL,
  `ruc` varchar(11) DEFAULT NULL,
  `telefono` varchar(9) DEFAULT NULL,
  `email` varchar(100) DEFAULT NULL,
  `direccion` varchar(255) DEFAULT NULL,
  `estado` tinyint(1) DEFAULT NULL
) ENGINE=InnoDB DEFAULT CHARSET=utf8mb4 COLLATE=utf8mb4_general_ci;

--
-- Volcado de datos para la tabla `proveedores`
--

INSERT INTO `proveedores` (`id_proveedor`, `nombre_empresa`, `ruc`, `telefono`, `email`, `direccion`, `estado`) VALUES
(1, 'Proveeduría de Alimentos S.A.', '12345678901', '987654326', 'proveedor1@example.com', 'Calle Comercio 303', 1),
(2, 'Bebidas y Más S.A.C.', '23456789012', '987654327', 'proveedor2@example.com', 'Calle Bebidas 404', 1);

-- --------------------------------------------------------

--
-- Estructura de tabla para la tabla `reservas`
--

CREATE TABLE `reservas` (
  `id_reserva` int(11) NOT NULL,
  `id_usuario` int(11) DEFAULT NULL,
  `numero_mesa` int(11) DEFAULT NULL,
  `fecha_reserva` date DEFAULT NULL,
  `hora_reserva` time DEFAULT NULL,
  `cantidad_personas` int(11) DEFAULT NULL,
  `estado` varchar(20) DEFAULT NULL
) ENGINE=InnoDB DEFAULT CHARSET=utf8mb4 COLLATE=utf8mb4_general_ci;

--
-- Volcado de datos para la tabla `reservas`
--

INSERT INTO `reservas` (`id_reserva`, `id_usuario`, `numero_mesa`, `fecha_reserva`, `hora_reserva`, `cantidad_personas`, `estado`) VALUES
(1, 1, 5, '2024-10-25', '18:00:00', 4, 'Confirmada'),
(2, 2, 3, '2024-10-25', '20:00:00', 2, 'Pendiente');

-- --------------------------------------------------------

--
-- Estructura de tabla para la tabla `roles`
--

CREATE TABLE `roles` (
  `id_rol` int(11) NOT NULL,
  `nombre_rol` varchar(50) DEFAULT NULL,
  `descripcion` varchar(255) DEFAULT NULL
) ENGINE=InnoDB DEFAULT CHARSET=utf8mb4 COLLATE=utf8mb4_general_ci;

--
-- Volcado de datos para la tabla `roles`
--

INSERT INTO `roles` (`id_rol`, `nombre_rol`, `descripcion`) VALUES
(1, 'Administrador', 'Gestor completo del sistema'),
(2, 'Cajero', 'Responsable de las transacciones'),
(3, 'Cocinero', 'Encargado de la preparación de alimentos');

-- --------------------------------------------------------

--
-- Estructura de tabla para la tabla `usuarios`
--

CREATE TABLE `usuarios` (
  `id_usuario` int(11) NOT NULL,
  `nombre` varchar(100) DEFAULT NULL,
  `apellido` varchar(100) DEFAULT NULL,
  `dni` varchar(8) DEFAULT NULL,
  `telefono` varchar(9) DEFAULT NULL,
  `email` varchar(100) DEFAULT NULL,
  `direccion` varchar(255) DEFAULT NULL,
  `fecha_registro` date DEFAULT NULL
) ENGINE=InnoDB DEFAULT CHARSET=utf8mb4 COLLATE=utf8mb4_general_ci;

--
-- Volcado de datos para la tabla `usuarios`
--

INSERT INTO `usuarios` (`id_usuario`, `nombre`, `apellido`, `dni`, `telefono`, `email`, `direccion`, `fecha_registro`) VALUES
(1, 'Juan', 'Pérez', '12345678', '987654321', 'juan@example.com', 'Av. Principal 123', '2024-10-25'),
(2, 'María', 'Gómez', '87654321', '987654322', 'maria@example.com', 'Av. Secundaria 456', '2024-10-25');

--
-- Índices para tablas volcadas
--

--
-- Indices de la tabla `admin`
--
ALTER TABLE `admin`
  ADD PRIMARY KEY (`id_admin`),
  ADD KEY `id_empleado` (`id_empleado`);

--
-- Indices de la tabla `almacen`
--
ALTER TABLE `almacen`
  ADD PRIMARY KEY (`id_almacen`),
  ADD KEY `id_producto` (`id_producto`);

--
-- Indices de la tabla `caja`
--
ALTER TABLE `caja`
  ADD PRIMARY KEY (`id_caja`),
  ADD KEY `id_empleado` (`id_empleado`);

--
-- Indices de la tabla `detalle_pedido`
--
ALTER TABLE `detalle_pedido`
  ADD PRIMARY KEY (`id_detalle`),
  ADD KEY `id_pedido` (`id_pedido`),
  ADD KEY `id_producto` (`id_producto`);

--
-- Indices de la tabla `empleados`
--
ALTER TABLE `empleados`
  ADD PRIMARY KEY (`id_empleado`),
  ADD KEY `id_rol` (`id_rol`);

--
-- Indices de la tabla `pedidos`
--
ALTER TABLE `pedidos`
  ADD PRIMARY KEY (`id_pedido`),
  ADD KEY `id_usuario` (`id_usuario`),
  ADD KEY `id_empleado` (`id_empleado`);

--
-- Indices de la tabla `productos`
--
ALTER TABLE `productos`
  ADD PRIMARY KEY (`id_producto`);

--
-- Indices de la tabla `proveedores`
--
ALTER TABLE `proveedores`
  ADD PRIMARY KEY (`id_proveedor`);

--
-- Indices de la tabla `reservas`
--
ALTER TABLE `reservas`
  ADD PRIMARY KEY (`id_reserva`),
  ADD KEY `id_usuario` (`id_usuario`);

--
-- Indices de la tabla `roles`
--
ALTER TABLE `roles`
  ADD PRIMARY KEY (`id_rol`);

--
-- Indices de la tabla `usuarios`
--
ALTER TABLE `usuarios`
  ADD PRIMARY KEY (`id_usuario`);

--
-- AUTO_INCREMENT de las tablas volcadas
--

--
-- AUTO_INCREMENT de la tabla `admin`
--
ALTER TABLE `admin`
  MODIFY `id_admin` int(11) NOT NULL AUTO_INCREMENT, AUTO_INCREMENT=3;

--
-- AUTO_INCREMENT de la tabla `almacen`
--
ALTER TABLE `almacen`
  MODIFY `id_almacen` int(11) NOT NULL AUTO_INCREMENT, AUTO_INCREMENT=4;

--
-- AUTO_INCREMENT de la tabla `caja`
--
ALTER TABLE `caja`
  MODIFY `id_caja` int(11) NOT NULL AUTO_INCREMENT, AUTO_INCREMENT=3;

--
-- AUTO_INCREMENT de la tabla `detalle_pedido`
--
ALTER TABLE `detalle_pedido`
  MODIFY `id_detalle` int(11) NOT NULL AUTO_INCREMENT, AUTO_INCREMENT=4;

--
-- AUTO_INCREMENT de la tabla `empleados`
--
ALTER TABLE `empleados`
  MODIFY `id_empleado` int(11) NOT NULL AUTO_INCREMENT, AUTO_INCREMENT=4;

--
-- AUTO_INCREMENT de la tabla `pedidos`
--
ALTER TABLE `pedidos`
  MODIFY `id_pedido` int(11) NOT NULL AUTO_INCREMENT, AUTO_INCREMENT=3;

--
-- AUTO_INCREMENT de la tabla `productos`
--
ALTER TABLE `productos`
  MODIFY `id_producto` int(11) NOT NULL AUTO_INCREMENT, AUTO_INCREMENT=4;

--
-- AUTO_INCREMENT de la tabla `proveedores`
--
ALTER TABLE `proveedores`
  MODIFY `id_proveedor` int(11) NOT NULL AUTO_INCREMENT, AUTO_INCREMENT=3;

--
-- AUTO_INCREMENT de la tabla `reservas`
--
ALTER TABLE `reservas`
  MODIFY `id_reserva` int(11) NOT NULL AUTO_INCREMENT, AUTO_INCREMENT=3;

--
-- AUTO_INCREMENT de la tabla `roles`
--
ALTER TABLE `roles`
  MODIFY `id_rol` int(11) NOT NULL AUTO_INCREMENT, AUTO_INCREMENT=4;

--
-- AUTO_INCREMENT de la tabla `usuarios`
--
ALTER TABLE `usuarios`
  MODIFY `id_usuario` int(11) NOT NULL AUTO_INCREMENT, AUTO_INCREMENT=3;

--
-- Restricciones para tablas volcadas
--

--
-- Filtros para la tabla `admin`
--
ALTER TABLE `admin`
  ADD CONSTRAINT `admin_ibfk_1` FOREIGN KEY (`id_empleado`) REFERENCES `empleados` (`id_empleado`);

--
-- Filtros para la tabla `almacen`
--
ALTER TABLE `almacen`
  ADD CONSTRAINT `almacen_ibfk_1` FOREIGN KEY (`id_producto`) REFERENCES `productos` (`id_producto`);

--
-- Filtros para la tabla `caja`
--
ALTER TABLE `caja`
  ADD CONSTRAINT `caja_ibfk_1` FOREIGN KEY (`id_empleado`) REFERENCES `empleados` (`id_empleado`);

--
-- Filtros para la tabla `detalle_pedido`
--
ALTER TABLE `detalle_pedido`
  ADD CONSTRAINT `detalle_pedido_ibfk_1` FOREIGN KEY (`id_pedido`) REFERENCES `pedidos` (`id_pedido`),
  ADD CONSTRAINT `detalle_pedido_ibfk_2` FOREIGN KEY (`id_producto`) REFERENCES `productos` (`id_producto`);

--
-- Filtros para la tabla `empleados`
--
ALTER TABLE `empleados`
  ADD CONSTRAINT `empleados_ibfk_1` FOREIGN KEY (`id_rol`) REFERENCES `roles` (`id_rol`);

--
-- Filtros para la tabla `pedidos`
--
ALTER TABLE `pedidos`
  ADD CONSTRAINT `pedidos_ibfk_1` FOREIGN KEY (`id_usuario`) REFERENCES `usuarios` (`id_usuario`),
  ADD CONSTRAINT `pedidos_ibfk_2` FOREIGN KEY (`id_empleado`) REFERENCES `empleados` (`id_empleado`);

--
-- Filtros para la tabla `reservas`
--
ALTER TABLE `reservas`
  ADD CONSTRAINT `reservas_ibfk_1` FOREIGN KEY (`id_usuario`) REFERENCES `usuarios` (`id_usuario`);
COMMIT;

/*!40101 SET CHARACTER_SET_CLIENT=@OLD_CHARACTER_SET_CLIENT */;
/*!40101 SET CHARACTER_SET_RESULTS=@OLD_CHARACTER_SET_RESULTS */;
/*!40101 SET COLLATION_CONNECTION=@OLD_COLLATION_CONNECTION */;
